Budgetary Estimate (MVP),,,,
Project Name:,AI-Powered Job Application Agent (No-Code SaaS Platform),,Total Budget Needed,"$368,354 "
,,,,
Unique ID,Budget Items,# of Units,Cost/Unit,Total Costs
1,Labor (From previous sheet),2240,$92 ,"$206,080 "
2,"Tools (Subscriptions, Servers, Software Tools, Test Tools)",1,"$50,000 ","$50,000 "
3,Hardware (If part of your product),1,"$10,000 ","$10,000 "
4,Subcontractors / Vendors (If part of your product),0,$200 ,$0 
5,"Overhead/G&A (Facility, Tax, HR, Utilities, Insurance, etc.)",$1 ,20% of labor,"$41,216 "
6,Contingency Reserves (Held by Project Manager),$1 ,10% of subtotal,"$30,529 "
7,Management Reserves (Held by Business),$1 ,10% of subtotal,"$30,529 "
,,,,
,,,,
,,,,
,,,,
